2-03-652407-9;L'histoire du monde;;;;;;Larousse;1996;127 p.;29 cm;Jeunesse;17,1839931491808;https://static.fnac-static.com/multimedia/Images/FR/NR/b7/bd/a6/10927543/1540-1/tsp20190522175121/Le-Petit-Laroue-de-l-Histoire-du-Monde.jpg;
2-09-211352-6;Les grands explorateurs;à la découverte du monde;Platt;Richard;;;Nathan;2004;96 p.;20 cm;Jeunesse;7,97448220268937;https://products-images.di-static.com/image/brigitte-coppin-les-grands-explorateurs/9782215164289-475x500-1.webp;
2-09-211353-4;Mythes et monstres;dragons, géants, créatures bizarres;Buller;Laura;;;Nathan;2004;96 p.;20 cm;Jeunesse;7,12233519051053;https://products-images.di-static.com/image/laura-buller-mythes-et-monstres/9782092113530-475x500-1.webp;
2-09-211355-0;Les gladiateurs;des combattants sans merci;Malam;John;;;Nathan;2004;96 p.;20 cm;Jeunesse;21,0565275064887;https://images-na.ssl-images-amazon.com/images/I/51QQ1V6M3ZL._SX303_BO1,204,203,200_.jpg;
2-09-211356-9;Méchants et truands;escrocs, espions, criminels;Platt;Richard;;;Nathan;2004;96 p.;20 cm;Jeunesse;26,5652098649185;https://static.fnac-static.com/multimedia/images_produits/ZoomPE/1/6/5/9782092113561/tsp20130828084322/Mechants-et-truands.jpg;
2-200-26655-3;Petite histoire de la France au 20e siècle;;Prost;Antoine;;;Armand Colin;2003;160 p.;24 x 16 cm;Adulte;78,7621730442406;https://fr.shopping.rakuten.com/photo/1283587599.jpg;
2-205-05466-X;La ligne de front;;Larcenet;Manu;;;Dargaud;2004;48 p.;30 cm;Adulte;30,7422508331494;https://products-images.di-static.com/image/manu-larcenet-la-ligne-de-front/9782205054668-475x500-1.webp;
2-215-07596-1;Argile au tour;;Tardio-Brise;Liliane;;;Ed. Fleurus;2003;44 p.;25 cm;Jeunesse;33,0764332014199;https://images-na.ssl-images-amazon.com/images/I/51M67XBHCJL._SX335_BO1,204,203,200_.jpg;
2-215-07597-X;Collages de serviettes pour le jardin et la maison;;Enderlen-Debuisson;Marie;;;Fleurus;2004;79 p.;26 cm;Jeunesse;14,8725356164018;https://media.electre-ng.com/images/image-id/bed3a97a4f156bdaafb76b4aee0931241939ecda3e64ae210bf38877da3b1f55.jpg;
2-215-07678-X;J'apprends à dessiner la vie quotidienne;;Legendre-Kvater;Philippe;;;Fleurus;2004;95 p.;24 x 22 cm;Jeunesse;35,2947418418031;https://images-na.ssl-images-amazon.com/images/I/515bbh+Uv0L.jpg;
2-215-08062-0;La mer;;Bélineau;Nathalie;Beaumont;Emilie;Ed. Fleurus;2004;57 p.;24 cm;Jeunesse;67,6550254016696;https://ec56229aec51f1baff1d-185c3068e22352c56024573e929788ff.ssl.cf1.rackcdn.com/attachments/large/3/3/0/006615330.jpg;
2-246-50031-1;In extremis;roman;Morrell;David;;;Grasset;1995;347 p.;23 cm;Adulte;8,79893272281475;https://images-na.ssl-images-amazon.com/images/I/511A4AM0TWL._SX210_.jpg;
2-7324-2964-3;Gauchos de Patagonie;;Bourseiller;Philippe;Chaix;Jean-François;La Martinière;2003;132 p.;32 cm;Adulte;16,2938760047073;https://images2.medimops.eu/product/df33f5/M02732429643-large.jpg;
2-7427-4845-8;cahier jaune (Le);;Sautereau;François;;;Actes Sud junior;2004;1 vol. (213 p.);18 x 13 cm;Jeunesse;79,3056388926115;https://images-na.ssl-images-amazon.com/images/I/417M8T8H4BL._SX242_BO1,204,203,200_.jpg;
2-84565-735-8;Rufus le loup;;Tarek;;Morinière;Aurélien;Soleil;2004;31 p.;33 cm;Jeunesse;77,3609671591494;https://static.fnac-static.com/multimedia/images_produits/ZoomPE/6/0/3/9782848102306/tsp20130901144317/Rufus-le-loup.jpg;
2-84755-055-0;Le chêne parlant;;Sand;George;;;Saint-Mont;DL 2004;1 vol. (67 p.);10 x 14 cm;Jeunesse;8,37887941365085;https://images-na.ssl-images-amazon.com/images/I/513+C2ugq9L._SY344_BO1,204,203,200_.jpg;
2-84789-206-0;Contes et récits vietnamiens;;Minh Than;;;;Delcourt jeunesse;2004;31 p.;30 cm;Jeunesse;42,6776267614544;https://fr.shopping.rakuten.com/photo/Minh-Than-Contes-Et-Recits-Vietnamiens-Livre-1956557807_L.jpg;
2-84789-218-4;Radio Nouba;;Bonneval;Gwen de;;;Delcourt jeunesse;2004;31 p.;30 cm;Jeunesse;44,0214756653944;https://images.epagine.fr/185/9782847892185_1_75.jpg;
2-85157-245-8;Tableautins;;Bruch;Marie-Anne;;;Lanore;2004;63 p.;19 cm;Adulte;31,4937304682059;https://media.electre-ng.com/images/image-id/bba80dff3e31b831fd57518ba4cd8784cdb0c6731354c75a53de208c4484f1fb.jpg;
2-87730-707-7;Transgression;roman;Khan;Uzma Aslam;;;P. Picquier;2004;541 p.;21 cm;Adulte;48,3528002953273;https://images-na.ssl-images-amazon.com/images/I/41IbzLnUMlL._SX319_BO1,204,203,200_.jpg;
2-913288-23-5;Les chevêches aux yeux d'or;;Haroux-Métayer;Eliane;Bertrand;Bernard;Ed. de Terran;2002;44 p.;21 x 23 cm;Jeunesse;54,1791312300467;https://static.fnac-static.com/multimedia/Images/FR/NR/7c/8d/14/1346940/1507-1/tsp20201216071657/Les-cheveches-aux-yeux-d-or.jpg;
2-940334-28-5;Richard et William sauvent le monde;;Rod;;;;Paquet;2004;48 p.;31 x 22 cm;Adulte;63,1875574864729;https://www.planetebd.com/dynamicImages/album/cover/large/75/album-cover-large-752.jpg;
2-940349-00-2;légistes enquêtent (Les);;Pfeiffer;Hans;;;Scènes de crimes;2004;302 p.;21 x 14 cm;Adulte;36,0254203768523;https://products-images.di-static.com/image/hans-pfeiffer-les-legistes-enquetent/9782940349005-475x500-1.webp;
978-1-4454-3923-5;Nous les garçons !;de l'enfance à l'adolescence;Crossick;Matt;;;Parragon;2011;1 vol. (96 p.);20 x 17 cm;Jeunesse;52,9849376751647;https://images-na.ssl-images-amazon.com/images/I/61aEfB+MpYL.jpg;
978-1-4454-3924-2;Nous les filles !;de l'enfance à l'adolescence;Delmege;Sarah;;;Parragon;2011;1 vol. (96 p.);20 x 17 cm;Jeunesse;40,7160882682096;https://images-na.ssl-images-amazon.com/images/I/61p3JS5chsL.jpg;
978-2-01-201748-1;La boussole du Club des cinq;;Blyton;Enid;;;Hachette jeunesse;DL 2009;1 vol. (189 p.);18 cm;Jeunesse;27,5546889197212;https://images2.medimops.eu/product/a33679/M02012017487-large.jpg;
978-2-01-292114-6;Dis pourquoi le cochon a la queue en tire-bouchon ?;;Mathivet;Eric;;;Hachette jeunesse;DL 2011;1 vol. (192 p.);24 cm;Jeunesse;16,917879879888;https://products-images.di-static.com/image/eric-mathivet-dis-pourquoi-le-cochon-a-la-queue-en-tire-bouchon/9782012921146-475x500-1.jpg;
978-2-01-292152-8;ABC d'Albert Jacquard pour changer le monde (L');;Jacquard;Albert;;;Hachette jeunesse;impr. 2013;1 vol. (62 p.);23 cm;Jeunesse;69,0923811022252;https://images-na.ssl-images-amazon.com/images/I/411O29z-LEL._SX357_BO1,204,203,200_.jpg;
978-2-01-322396-6;Emile et les détectives;;Kästner;Erich;;;Le livre de poche jeunesse;2007;1 vol. (221 p.);18 x 13 cm;Jeunesse;64,3323253200974;https://images2.medimops.eu/product/a0c034/M02012202284-large.jpg;
978-2-01-322840-4;Jeanne;;Cassabois;Jacques;;;le Livre de poche jeunesse;DL 2010;1 vol. (283 p.);18 cm;Jeunesse;36,7644791127872;https://static.fnac-static.com/multimedia/Images/FR/NR/10/b1/2c/2928912/1540-1/tsp20160830114625/Jeanne.jpg;
978-2-02-081845-2;Une histoire de la violence;de la fin du Moyen âge à nos jours;Muchembled;Robert;;;Ed. du Seuil;DL 2008;1 vol. (498 p.);24 cm;Adulte;26,8875534403828;https://fr.shopping.rakuten.com/photo/une-histoire-de-la-violence-de-la-fin-du-moyen-age-a-nos-jours-format-poche-1944276308_L.jpg;
978-2-02-099246-6;Au pays des vermeilles;;Châtelet;Noëlle;;;Seuil;DL 2009;1 vol. (171 p.);21 cm;Adulte;53,8834487758271;https://images2.medimops.eu/product/adb1cb/M02757820168-large.jpg;
978-2-02-100538-7;Déchets;le cauchemar du nucléaire;Noualhat;Laure;;;Seuil;DL 2009;1 vol. (209 p.);21 cm;Adulte;52,2774262679341;https://products-images.di-static.com/image/laure-noualhat-dechets/9782021005387-475x500-1.jpg;
978-2-03-584660-0;La fin des dinosaures;;Bacchin;Matteo;Signore;Marco;Larousse;impr. 2010;1 vol. (239 p.);32 cm;Jeunesse;56,2405068413637;https://images-na.ssl-images-amazon.com/images/I/51-7-XrvmpL.jpg;
978-2-07-012620-0;Les arrangeurs;roman;Tellier-Loniewski;Laurence;;;Gallimard;impr. 2009;1 vol. (270 p.);21 cm;Adulte;22,3220095853146;https://images-na.ssl-images-amazon.com/images/I/71xCxOG9G1L.jpg;
978-2-07-061225-3;Griffes de glace;;Gilman;David;;;Gallimard jeunesse;DL 2009;1 vol. (461 p.);22 cm;Jeunesse;15,5319354486283;https://www.gallimard-jeunesse.fr/assets/media/cache/cover_medium/gallimard_img/image/A61228.jpg;
978-2-08-128917-8;Un amour impossible;;Angot;Christine;;;Flammarion;DL 2015;1 vol. (216 p.);21 cm;Adulte;28,7477730345081;https://images2.medimops.eu/product/418f84/M02081289172-large.jpg;
978-2-08-134387-0;exercice de la médecine (L');roman;Seksik;Laurent;;;Flammarion;DL 2015;1 vol. (339 p.);21 cm;Adulte;33,7695756809464;http://www.lalibrairieducours.fr/wp-content/uploads/2011/12/lexercice-de-la-m%C3%A9decine.jpg;
978-2-08-134792-2;carnaval des hyènes (Le);;Mention;Michaël;;;Ombres noires;DL 2015;1 vol. (220 p.);21 cm;Adulte;53,5261967810711;https://www.babelio.com/couv/CVT_Le-carnaval-des-hyenes_334.jpeg;
978-2-08-134821-9;Il était une ville;roman;Reverdy;Thomas B.;;;Flammarion;DL 2015;1 vol. (269 p.);21 cm;Adulte;26,6888063023533;https://www.babelio.com/couv/bm_CVT_Il-etait-une-ville_7880.jpg;
978-2-08-137054-8;renversement des pôles (Le);roman;Côte;Nathalie;;;Flammarion;DL 2015;1 vol. (189 p.);21 cm;Adulte;29,958995878179;https://images-na.ssl-images-amazon.com/images/I/71Ii3YlOmrL.jpg;
978-2-08-137244-3;Vladimir Vladimirovitch;roman;Chambaz;Bernard;;;Flammarion;DL 2015;1 vol. (373 p.);21 cm;Adulte;32,5836411153417;https://editions.flammarion.com/media/cache/couverture_large/flammarion_img/Couvertures/9782081372443.jpg;
978-2-09-252554-8;Toutes mes histoires préférées;;Caputo;Natha;Bryant;Sara Cone;Nathan;DL 2009;1 vol. (121 p.);22 cm;Jeunesse;54,0366112446699;https://www.lalibrairie.com/cache/img/livres/548/9782092525548.webp;
978-2-203-02864-7;Ernest et Célestine au musée;;Vincent;Gabrielle;;;Casterman;2010;1 vol. (32 p.);29 x 25 cm;Jeunesse;36,2145465984607;https://images-na.ssl-images-amazon.com/images/I/816ScHq4mQL.jpg;
978-2-203-04011-3;Ernest et Célestine au cirque;;Vincent;Gabrielle;;;Casterman;2011;1 vol. (26 p.);25 x 29 cm;Jeunesse;5,42077263154384;https://fr.shopping.rakuten.com/photo/Vincent-Gabrielle-Ernest-Et-Celestine-Au-Cirque-Livre-835660991_L.jpg;
978-2-203-04013-7;jour, un chien (Un);;Vincent;Gabrielle;;;Casterman;2011;1 vol. (64 p.);20 x 27 cm;Jeunesse;12,2289514881063;https://static.fnac-static.com/multimedia/Images/FR/NR/f5/be/1c/1883893/1540-1/tsp20220412061829/Un-jour-un-chien.jpg;
978-2-211-08134-4;En 2000 trop loin;;Rascal;;;;Pastel;DL 2009;1 vol. (28 p.);27 cm;Jeunesse;36,0345137974892;https://www.ecoledesloisirs.fr/sites/default/files/styles/couverture_livre/public/couverture/9782211081344.jpg?itok=ajXDjI4q;
978-2-211-09368-2;Voleuse de peluche;;Seyvos;Florence;;;Ecole des loisirs;2008;1 vol. (75 p.);19 x 13 cm;Jeunesse;14,8169653918482;https://fr.shopping.rakuten.com/photo/770760426.jpg;
978-2-211-09722-2;10 feuilles volantes;;Möller;Anne;;;Archimède-l'Ecole des loisirs;impr. 2009;1 vol. (29 p.);29 cm;Jeunesse;73,8468027708018;https://www.ecoledesloisirs.fr/sites/default/files/styles/couverture_livre/public/couverture/9782211097222.jpg?itok=2zNMNE7O;
978-2-211-20466-8;erreur de Pascal (L');;Seyvos;Florence;;;Ecole des loisirs;2011;1 vol. (76 p.);19 x 13 cm;Jeunesse;14,2594614414623;https://www.ecoledesloisirs.fr/sites/default/files/styles/couverture_livre/public/couverture/9782211204668.jpg?itok=U3di64FV;
978-2-211-20802-4;Ogres, brigands et compagnie;;Ungerer;Tomi;Ungerer;Tomi;l'Ecole des loisirs;DL 2011;1 vol. (148 p.);29 cm;Jeunesse;77,473701097379;https://images-na.ssl-images-amazon.com/images/I/41SnvJJAEPL.jpg;
978-2-213-63700-6;Le fol enfant;récit;Vlady;Marina;;;Fayard;impr. 2009;1 vol. (155 p.);19 cm;Adulte;48,1668029406904;https://images-na.ssl-images-amazon.com/images/I/510SeFiZFYL._SX298_BO1,204,203,200_.jpg;
978-2-213-68661-5;uns contre les autres (Les);roman;Maubert;Franck;;;Fayard;DL 2015;1 vol. (213 p.);22 cm;Adulte;53,9480119586849;https://static1.lecteurs.com/media/cache/book_large/files/books-covers/615/9782213686615_1_75.jpg;
978-2-213-68702-5;Effraction;roman;Defossé;Alain;;;Fayard;DL 2015;1 vol. (196 p.);22 cm;Adulte;74,8402397387182;https://www.fayard.fr/sites/default/files/images/livres/couv/9782213687025-T.jpg;
978-2-220-06105-4;La confusion des valeurs;;Guillebaud;Jean-Claude;;;Desclée de Brouwer;impr. 2009;1 vol. (274 p.);21 cm;Adulte;75,6488309388356;https://static.fnac-static.com/multimedia/images_produits/ZoomPE/4/5/0/9782220061054/tsp20130903072430/La-confusion-des-valeurs.jpg;
978-2-226-17383-6;Shrek !;le livre qui inspira le film;Steig;William;;;Albin Michel-Jeunesse;2007;1 vol. (32 p.);30 x 23 cm;Jeunesse;28,6564044532764;https://images-na.ssl-images-amazon.com/images/I/81KKYaMQs6L.jpg;
978-2-226-18772-7;Je viens de toutes mes enfances;;Salomé;Jacques;;;Albin Michel;impr. 2009;1 vol. (308 p.);23 cm;Adulte;37,6173579117767;https://images-na.ssl-images-amazon.com/images/I/51zSFx7ORhL._SX307_BO1,204,203,200_.jpg;
978-2-226-19001-7;Tout pour plaire et toujours célibataire;rencontrer l'amour;Cadalen;Sophie;Guillou;Sophie;Albin Michel;impr. 2009;1 vol. (201p.);23 cm;Adulte;25,2642721014046;https://static.fnac-static.com/multimedia/images_produits/ZoomPE/7/1/0/9782226190017/tsp20130901132456/Tout-pour-plaire-et-toujours-celibataire.jpg;
978-2-226-19245-5;Sauver sa peau;roman;Gardner;Lisa;;;Albin Michel;impr. 2009;1 vol. (418 p.);23 cm;Adulte;13,2234476738071;https://www.livredepoche.com/sites/default/files/images/livres/couv/9782253161226-001-T.jpeg;
978-2-226-19402-2;Le miroir de Cassandre;roman;Werber;Bernard;;;Albin Michel;impr. 2009;1 vol. (632 p.);24 cm;Adulte;67,3751252918601;https://images-na.ssl-images-amazon.com/images/I/81WK6bQkjfL.jpg;
978-2-226-20937-5;étang aux libellules (L');;Ibbotson;Eva;;;Albin Michel-Jeunesse;2011;1 vol. (456 p.);22 x 15 cm;Jeunesse;35,5280517127154;https://www.albin-michel.fr/sites/default/files/couvertures/9782226209375-j.jpg;
978-2-234-06230-6;Dis oui, Ninon;roman;Lethielleux;Maud;;;Stock;impr. 2009;1 vol. (247 p.);22 cm;Adulte;27,0293955559217;https://images-na.ssl-images-amazon.com/images/I/31juKoePfML._SX210_.jpg;"Dans ma classe, une immense dame maigre et très laide avec des cheveux courts et des gros sourcils m'a demandé de recopier le mot écrit au tableau. J'ai essayé d'imiter les traits droits comme du blé un jour sans vent, c'était très difficile, mes doigts glissaient sur la mine colorée. La dame s'est approchée et elle a dit : Mon Dieu ! J'ai dit que j'étais pas Dieu mais que si elle voulait m'appeler comme ça, pourquoi pas. Elle a répété : - Mon Dieu... Tu ne sais même pas écrire "" maman "" ? - Non, ça sert à rien que je l'écris puisque je dis jamais maman. - Tu... tu ne dis jamais maman ! - Non, je l'appelle Zélie parce que c'est trop mignon et en plus c'est personnel et assumé pour de vrai. La dame m'a dit de ne pas parler sur ce ton, j'ai répondu que je ne mangeais pas de poisson parce que sinon, on allait vider la mer. "" Du haut de ses neuf ans, Ninon observe le monde. Un monde où les adultes ne s'aiment plus, où les mots n'ont pas de sens, où les mensonges sont rancuniers... Parce qu'elle ne le comprend pas, Ninon décide de s'en détourner et de vivre avec son père qui n'a plus rien. Rien, sauf elle. Ensemble, ils refont leur monde, construisent une maison à partir de rien, traient les chèvres, vendent sur les marchés, oublient l'école et les bonnes manières, sans se soucier des bien-pensants, ni de madame Kaffe, l'assistante sociale. Dis oui, Ninon est une histoire d'amour. Celle d'une petite fille pour son père et celle d'un homme pour la liberté."
978-2-246-77601-7;septième fonction du langage (La);roman;Binet;Laurent;;;Bernard Grasset;DL 2015;1 vol. (494 p.);21 cm;Adulte;64,6125211964418;https://www.grasset.fr/sites/default/files/images/livres/couv/9782246776017-001-T.jpeg;La Septième Fonction du langage est un roman de Laurent Binet paru le 18 août 2015 aux éditions Grasset. Le livre reçoit la même année le prix du roman Fnac ainsi que le prix Interallié.
978-2-246-85569-9;amour à trois (L');roman;Poivre d'Arvor;Olivier;;;Bernard Grasset;DL 2015;1 vol. (251 p.);21 cm;Adulte;77,1911698409335;https://images-na.ssl-images-amazon.com/images/I/31tvgQuwJaL._SX210_.jpg;C’est en Guyane, de Cayenne à Maripasoula – au pays des orpailleurs et des indiens Wayanas – que Léo entreprend de retrouver la trace de son ami d’adolescence, Frédéric.
978-2-246-85612-2;Je me suis tue;roman;Menegaux;Mathieu;;;Bernard Grasset;DL 2015;1 vol. (190 p.);21 cm;Adulte;23,352512500582;https://images.epagine.fr/090/9782757860090_1_75.jpg;Un dîner en ville. Au menu, nourriture bio, affaires et éducation des enfants. Claire s'ennuie et décide de rentrer seule à vélo. Elle ne le sait pas encore mais sa vie vient de basculer. Tour à tour victime puis criminelle, Claire échoue en prison et refuse obstinément de s'expliquer. À la veille de son jugement, elle se décide enfin à sortir de son mutisme...
978-2-246-85713-6;Profession du père;roman;Chalandon;Sorj;;;Bernard Grasset;DL 2015;1 vol. (315 p.);21 cm;Adulte;54,1127424235969;https://www.babelio.com/couv/bm_CVT_Profession-du-pere_1584.jpg;Mon père a été chanteur, footballeur, professeur de judo, parachutiste, espion, pasteur d’une Eglise pentecôtiste américaine et conseiller personnel du général de Gaulle jusqu’en 1958. Un jour, il m’a dit que le Général l’avait trahi. Son meilleur ami était devenu son pire ennemi. Alors mon père m’a annoncé qu’il allait tuer de Gaulle. Et il m’a demandé de l’aider. 
978-2-246-85813-3;Histoire de l'amour et de la haine;roman;Dantzig;Charles;;;Bernard Grasset;DL 2015;1 vol. (475 p.);21 cm;Adulte;51,5670036949698;https://www.grasset.fr/sites/default/files/images/livres/couv/9782246858133-T.jpg;Voici sept personnages avec qui nous vivons, des premières manifestations contre le « mariage pour tous » jusqu’aux dernières. Il y a Ferdinand, garçon de vingt ans blessé par la vulgarité de son père, le député Furnesse, vedette homophobe des médias et fier de l’être . Pierre, le grand écrivain n’écrivant plus . Ginevra, qu’il tente d’aimer . Armand et Aron, qui vivent en couple . Anne, si belle et victime de sa beauté . bien d’autres encore. Tous apportent leur voix à ce concert de l’esprit où le comique le dispute à la rage. 
978-2-260-01916-9;hiver des hommes (L');roman;Duroy;Lionel;;;Julliard;2012;1 vol. (358 p.);21 x 13 cm;Adulte;37,4472171953489;https://static.fnac-static.com/multimedia/Images/FR/NR/b7/8b/38/3705783/1540-1/tsp20210819071448/L-hiver-des-hommes.jpg;"Reclus dans la petite république ethniquement "" pure "" pour laquelle ils ont combattu leurs voisins croates et bosniaques, les Serbes de Bosnie sont pourtant aujourd'hui les gens les plus désespérés qui soient. Un voyage aux confins de l'Europe et une méditation sur la guerre et l'inaptitude au bonheur.Fasciné par le destin des enfants de criminels de guerre, Marc part à Belgrade en 2010 pour enquêter sur le suicide de la fille du général Mladic, accusé de crimes contre l'humanité par la justice internationale et pourtant..."
978-2-260-02096-7;anges meurent de nos blessures (Les);roman;Khadra;Yasmina;;;Julliard;2013;1 vol. (403 p.);23 x 14 cm;Adulte;44,765950807493;https://www.babelio.com/couv/CVT_Les-anges-meurent-de-nos-blessures_2675.jpeg;Il se faisait appeler Turambo, du nom du village misérable où il était né, dans l'Algérie des années 1920. Il avait pour lui sa candeur désarmante et un direct du gauche foudroyant. Il fréquenta le monde des Occidentaux, connut la gloire, l'argent et la fièvre des rings, pourtant aucun trophée ne faisait frémir son âme mieux que le regard d'une femme. De Nora à Louise, d'Aïda à Irène, il cherchait un sens à sa vie. Mais dans un monde où la cupidité et le prestige règnent en maîtres absolus, l'amour se met parfois en grand danger.
978-2-266-16966-0;maison de l'ancêtre (La);;Williams;Tad;;;Pocket;2007;444 p.;18 x 11 cm;Adulte;41,148124985527;https://www.babelio.com/couv/CVT_LArcane-des-epees-Tome-3--La-maison-de-lancetre_9251.jpeg;Sur le Trône du Dragon siège depuis cinq cents ans le Souverain des nations humaines . le Roi de l'Orage évincé n'est plus qu'un mort vivant qui attend sa revanche. Quelques humains réunis dans la Ligue du Parchemin clandestine, n'oublient pas la prophétie : celui qui rassemblera les Trois Épées (Peine, Minneyar, Épine) gagnera le pouvoir sur le monde.
978-2-266-17068-0;pierre de l'adieu (La);;Williams;Tad;;;Pocket;2006;442 p.;18 x 11 cm;Adulte;18,639231295521;https://www.babelio.com/couv/CVT_LArcane-des-epees-tome-4--La-Pierre-de-ladieu_60.jpeg;Sur le Trône du Dragon siège le Souverain des nations humaines. Le Roi de l'Orage évincé n'est plus qu'un mort vivant qui attend sa revanche. Quelques humains savent que celui qui réunira les Trois Épées régnera sur le monde . ils forment la Ligue du Parchemin clandestine. Elias, le nouveau Souverain, est sous l'emprise de son conseiller Pryrates, qui lui fait remettre Peine, l'épée grise. Aussitôt le royaume est frappé par la sécheresse et la peste. Josua, frère d'Elias, se réfugie sur ses terres . chassé par la magie du Roi de l'Orage, il se replie dans la forêt où Géloé, la femme-sage, lui conseille d'aller à la Pierre de l'Adieu, lieu sacré des Sithis.
978-2-266-17442-8;extraordinaires aventures de Tom Scatterhorn (Les);;Chancellor;Henry;;;Pocket Jeunesse;2011;1 vol. (400 p.);23 x 14 cm;Jeunesse;42,1514154734281;https://images-na.ssl-images-amazon.com/images/I/51vg5fvKjYL._SX308_BO1,204,203,200_.jpg;Tom Scatterhorn est envoyé chez son oncle Jos, directeur d'un musée de taxidermie, où des centaines d'animaux empaillés sont exposés. Mais Tom est loin d'imaginer les incroyables découvertes qui l'attendent.
978-2-266-18868-5;Balade pour un père oublié;;Teulé;Jean;;;Pocket;impr. 2009;1 vol. (158 p.);18 cm;Adulte;35,6678016654909;https://images-na.ssl-images-amazon.com/images/I/41NAAurGp7L._SX210_.jpg;C'est l'histoire d'un garçon surprenant, l'allure insolite. C'est l'histoire d'un garçon qui vit comme on rêve : sitôt disparu, on ne s'en souvient plus. Et puis, un jour, le voilà papa ! Enveloppant bébé dans un vieux journal, il quitte la maternité sans en aviser ni la mère ni personne. L'enfant sous le coude, il part en cavale à la rencontre des femmes de sa vie. Les femmes connues, les femmes aimées, les femmes croisées : Carla, l'anonyme du jardin des Tuileries, Denise, le professeur d'arts plastiques, Héloïse, la petite amoureuse... Toutes le racontent, l'une après l'autre, cruelles, tendres ou drôles. Mais nulle ne le reconnaît. Dans ce road-movie insolite, les femmes sont des ports, des gares: éternelles mais amnésiques. Il faudra tout le miracle et le paradoxe de la paternité pour qu'un enfant, enfin, reconnaisse son père...
978-2-278-06477-9;vaches de Noël (Les);;Le Touzé;Anne-Isabelle;;;Didier Jeunesse;2009;;26 x 24 cm;Jeunesse;40,635669325023;https://static.fnac-static.com/multimedia/FR/Images_Produits/FR/fnac.com/Visual_Principal_340/9/7/7/9782278064779/tsp20120920080911/Les-vaches-de-Noel.jpg;Un soir d'hiver, les vaches s'arrêtent médusées devant la maison du fermier. Là, au beau milieu du salon, un arbre avait poussé. Et quel arbre ! Couvert de lumières. Elles partent en pleine nuit chercher un sapin pour leur étable. Mais dans le noir du sous-bois, les vaches commencent à avoir peur, très peur. La suite du très apprécié À quoi rêvent les vaches ?.
978-2-283-02890-2;tournée d'adieux (La);roman;Paris;Thomas;;;Buchet-Chastel;DL 2015;1 vol. (189 p.);19 cm;Adulte;45,2702048768232;https://static.fnac-static.com/multimedia/Images/FR/NR/f4/d5/65/6673908/1540-1/tsp20150331160830/La-tournee-d-adieux.jpg;"Le jour de ses 28 ans, Alex comprend qu'il ne fera pas partie du mythique Club 27. Il a pourtant créé son groupe de rock, Assemblée nationale"", il compose et joue sur scène (bien que modestement) depuis des années. Mais il ne sera jamais Janis Joplin, Jim Morrison, Kurt Cobain ou Jimi Hendrix (tous morts à 27 ans)... Il ne connaîtra pas de destin flamboyant. Il est donc temps, pour lui, d'arrêter de rêver et de se confronter au réel. Il décide de dissoudre son groupe et de trouver une autre activité pour le restant de ses jours. C'est compter sans ses compagnons de musique. Et c'est compter sans son père! De Paris à San-Francisco, La Tournée d'adieux est un roman à l'humour léger. C'est aussi l'histoire d'un père et de son fils, des regrets que l'on collectionne tout au long de nos vies, et de l'envie irrésistible qui nous saisit, parfois, de prendre la tangente!"""
978-2-330-04818-1;I like Europe;paroles d'une génération de Porto à Riga;Gillet;Caroline;Fontaine;Amélie;Actes Sud junior;DL 2015;1 vol. (71 p.);23 cm;Jeunesse;38,2561030864396;https://www.actes-sud.fr/sites/default/files/couvertures/9782330048181.jpg;À partir d'une dizaine de témoignages de jeunes Européens diffusés sur France Inter en 2014, Caroline Gillet et Amélie Fontaine dressent un portrait illustré, vivant et émouvant, de l'Europe d'aujourd'hui, loin de l'image bureaucratique de l'Union européenne. Au-delà des problèmes de la vie quotidienne, ces témoins abordent des questions qui, du sud au nord de l'Europe, touchent la plupart d'entre nous : le féminisme, l'amour, la banlieue, la politique...
978-2-330-05318-5;source (La);roman;Garat;Anne-Marie;;;Actes Sud;DL 2015;1 vol. (378 p.);24 cm;Adulte;20,0470270998619;https://images-na.ssl-images-amazon.com/images/I/41nn3vctfbL._SX210_.jpg;Venue au Mauduit, petit village de Franche-Comté, au motif officiel d'obtenir de la mairie l'autorisation, pour ses étudiants en sociologie, de consulter les archives communales de cette si banale petite bourgade française, la narratrice, hantée par la sombre énigme de son propre passé familial, ignore qu'elle va y faire une rencontre décisive en la personne de Lottie, solide et intimidante nonagénaire, désormais seule occupante de la vaste demeure des Ardenne, construction aussi baroque qu'extravagante édifiée sur des terres de mauvaise assise dans un méandre de la rivière qui coule en contrebas du bourg.
978-2-330-05334-5;Crash-test;roman;Claro;;;;Actes Sud;DL 2015;1 vol. (228 p.);22 cm;Adulte;59,5246615136907;https://images-na.ssl-images-amazon.com/images/I/41RiDyHPM3L._SX210_.jpg;Un employé affecté aux ?crash-tests? chez un constructeur automobile, une strip-teaseuse se jouant de ses voyeurs mâles, un adolescent qui échappe à la cellule familiale en découvrant l'auto-érotisme dans des BD pour adultes : trois personnages en quête d'un point de rupture, d'une forme d'accident, et qui tous dansent sur le fil du rasoir au centre du sanctuaire que Claro édifie ici à Eros et Thanatos.
978-2-330-05360-4;Ah ! Ca ira;roman;Lachaud;Denis;;;Actes Sud;DL 2015;1 vol. (426 p.);22 cm;Adulte;63,7429039273967;https://images-na.ssl-images-amazon.com/images/I/51On6jHaIYL._SX210_.jpg;En 2016 Antoine Léon est arrêté, il est condamné à vingt et un ans de prison. En 2037, le groupe des 68 s’installe dans le jardin Marcel Proust à Paris. Ces jeunes gens ne veulent plus d'une démocratie nauséabonde et violente. Leur histoire est celle du passage à l’acte qui ne serait plus issu d’une idéologie mais bien du vécu de l’individu, celui d’un être simple, d’un quidam, d’un vivant. Celui d’un être qui marche puis court vers la possibilité du sursaut. Un sursaut qui se décuple et qui pourrait bien enfin changer le monde.
978-2-35000-585-0;fables de La Fontaine pour réfléchir (Les);;Pelisse;Laetitia;Mazzari;Mauro;Oskar jeunesse;DL 2010;1 vol. (59 p.);23 cm;Jeunesse;44,6273052152152;https://images-eu.ssl-images-amazon.com/images/I/51KI3IUHy4L._SY291_BO1,204,203,200_QL40_ML2_.jpg;La raison du plus fort est toujours la meilleure. » Le Loup et l'Agneau « On a souvent besoin d'un plus petit que soi. » Le Lion et le Rat Tu as sûrement déjà entendu quelqu'un citer ces phrases. Ce sont les morales qui concluent les Fables de La Fontaine... Faut-il être toujours d'accord avec elles ? Tu trouveras dans ce livre les fables les plus connues ainsi que des explications et des exemples te permettant de réfléchir par toi-même et de partager tes idées avec celles des autres, pour mieux décider ce que tu dois en penser. Un livre pour t'aider à réfléchir et à te faire tes propres opinions.
978-2-35294-848-3;enchantements d'Ambremer (Les);;Pevel;Pierre;;;Bragelonne;DL 2015;1 vol. (381 p.);22 cm;Adulte;64,4860064192172;https://images-eu.ssl-images-amazon.com/images/I/511c-DFAj7L._SX210_.jpg;Les messieurs ont de fières moustaches, des chapeaux melons . les dames portent des corsets, des jupons, des bottines à boutons. Déjà, de rutilants tacots pétaradent parmi les fiacres le long des Grands Boulevards aux immeubles haussmanniens. Mais ce n’est pas le Paris de la Belle Époque tel que nous l’entendons : la tour Eiffel est en bois blanc, les sirènes ont investi la Seine, les farfadets, le bois de Vincennes, des chats-ailés discutent philosophie et une ligne de métro permet de rejoindre le pays des fées.
978-2-35294-849-0;élixir d'oubli (L');;Pevel;Pierre;;;Bragelonne;DL 2015;1 vol. (378 p.);22 cm;Adulte;59,5083249637048;https://images-eu.ssl-images-amazon.com/images/I/51yFDO12UWL._SX195_.jpg;En 1909, enquêtant sur le meurtre d'un antiquaire apparemment sans histoire, le mage Louis Denizart Hippolyte Griffont découvre que ce dernier pourrait bien avoir été la victime d'un ambitieux sorcier, Giacomo Nero. Ses investigations le ramènent à l'époque de la Régence jeune mage et gentilhomme libertin, il s'apprêtait alors à combattre une puissante société secrète, l'Éridan, en compagnie d'une nouvelle venue appelée à devenir son amie de cœur et complice, la déjà très mystérieuse et fantasque baronne Isabel de Saint-Gil. Les intrigues de l'Éridan et les menées de Nero seraient-elles liées, malgré le temps passé ? Griffont et Isabel, en s'opposant aux plans du sorcier en 1909, parachèveront une affaire qu'ils croyaient résolue depuis un siècle. Mais ce faisant, ils pourraient bien lever le voile sur un secret d'État susceptible de déclencher une nouvelle guerre, sur Terre comme dans l'Outre-Monde...
978-2-35294-850-6;royaume immobile (Le);;Pevel;Pierre;;;Bragelonne;DL 2015;1 vol. (376 p.);22 cm;Adulte;71,5197205730985;https://images-na.ssl-images-amazon.com/images/I/51axArNPPaL._SX210_.jpg;La porte vers la capitale d’Outre Monde, Ambremer, amène bien des Merveilles au Paris du siècle passé : la tour Eiffel est bâtie d’un bois blanc qui chante à la Lune, sur les Champs-Élysées, le feuillage des arbres diffuse à la nuit une douce lumière mordorée, et les créatures féeriques vivent parmi les hommes.
978-2-35488-135-1;Marie Curie, une femme de science;;Grard;Françoise;;;Gulf stream éd.;DL 2011;1 vol. (53 p.);29 cm;Jeunesse;30,6635631961128;https://images-eu.ssl-images-amazon.com/images/I/51urYQMsj-L._SX218_BO1,204,203,200_QL40_ML2_.jpg;Françoise GRARD est professeur de lettres en région parisienne. Redécouvrant la littérature jeunesse avec ses enfants, elle publie depuis une dizaine d'années de nombreux ouvrages, essentiellement chez Acte Sud junior, mais aussi pour Gallimard jeunesse et Flammarion. Son écriture se partage entre romans traitant de thématiques liées à l'adolescence, polars, mais aussi albums à vocation historique (Rose Valland et La comtesse de Ségur chez Gulf Stream Editeur). En outre, elle multiplie les interventions et les ateliers d'écriture dans les classes de primaire, collège et lycée.
978-2-35504-169-3;Je m'appelle pas Ben Laden !;;Chambaz;Bernard;;;Rue du monde;impr. 2011;1 vol. (37 p.);27 cm;Jeunesse;45,7488428289575;https://static.fnac-static.com/multimedia/FR/Images_Produits/FR/fnac.com/Visual_Principal_340/3/9/6/9782355041693/tsp20120921120923/Je-m-appelle-pas-Ben-Laden.jpg;New York, le 11 septembre 2001. John et Nassir, deux enfants américains, vivent en direct l'effondrement des Tours jumelles. Le monde entier est bouleversé. Mais ce jour-là, entre John, de religion baptiste, et Nassir, c'est aussi leur amitié qui explose… L'amalgame entre islam et islamisme ne tarde pas, dans la famille de John qui fuit désormais les « Arabes », mais dans les rues du pays aussi. Le jeune Nassir ne comprend pas. Il proteste : « Je m'appelle pas Ben Laden ! »
978-2-35949-434-1;échoués (Les);;Manoukian;Pascal;;;Don Quichotte éditions;DL 2015;1 vol. (297 p.);21 cm;Adulte;68,8818747385422;https://images-eu.ssl-images-amazon.com/images/I/510RQtmWMCL._SX210_.jpg;1992. Lampedusa est encore une petite île tranquille et aucun mur de barbelés ne court le long des enclaves espagnoles de Ceuta et Melilla. Virgil, le Moldave, Chanchal, le Bangladais, et Assan, le Somalien, sont des pionniers. Bientôt, des millions de désespérés prendront d’assaut les routes qu’ils sont en train d’ouvrir.
978-2-35965-037-2;Dans la cuisine d'Amandine;;Carboneill;Bénédicte;;;Petites vagues éd.;DL 2011;1 vol. (59 p.);21 cm;Jeunesse;5,34168330574228;https://images-na.ssl-images-amazon.com/images/I/51rhd-ejsFL._SX497_BO1,204,203,200_.jpg;Découverte de ce contient la cuisine d'Amandine : appareils ménagers, ustensiles, aliments dans le frigo et le placard. Description et utilisation de ces ustensiles et des produits + recettes faciles en fonction des saisons.
978-2-36219-032-2;Etre hôtesse de l'air ou steward;;Barnier;Louis-Marie;;;Lieux dits éd.;DL 2011;1 vol. (95 p.);21 cm;Jeunesse;39,7614109245261;https://static.fnac-static.com/multimedia/Images/FR/NR/b8/66/33/3368632/1540-1/tsp20220108072805/Etre-Hotee-De-L-Air-Ou-Steward.jpg;Un peu mannequin, un peu aventurière. le métier mythique par excellence ! Mais qui sont vraiment les hôtesses et stewards ? Sous l'appellation de Personnel Navigant Commercial, ils garantissent la sécurité des passagers au cours des vols, intervenant tant pour résoudre les multiples incidents que, potentiellement, pour diriger une évacuation...
978-2-36219-033-9;Etre militaire dans l'armée de terre;;Jakubowski;Sébastien;Weber;Claude;Lieux dits éd.;DL 2011;1 vol. (135 p.);21 cm;Jeunesse;59,4749822384017;https://static.fnac-static.com/multimedia/Images/FR/NR/b6/66/33/3368630/1540-1/tsp20220108073458/Etre-Militaire-Dans-L-Armee-De-Terre.jpg;Un guide précieux pour qui envisage d'intégrer l'armée, que ce soit en tant que militaire du rang, sous-officier, officier ou réserviste. Les auteurs : Sociologues et enseignants-chercheurs, ils sont spécialisés dans l'étude du monde militaire. Sébastien Jakubowski est maître de conférences à AgroSup Dijon.
978-2-36221-146-1;La cuisine des héros;;Major;Lenia;;;Ed. Mic-Mac;DL 2011;1 vol. (46 p.);33 cm;Jeunesse;78,2363705187935;https://images-na.ssl-images-amazon.com/images/I/41a8+xu+JBL._SX297_BO1,204,203,200_.jpg;Es-tu prêt à affronter Barbe Bleue, le Père Fouettard ou le Grand Méchant Loup ? Pour devenir rusé, fort et courageux, prépare vite les plats préférés des Héros ! Des recettes simples mais délicieuses, à partager en famille et avec tes ami(e)s.
978-2-36221-147-8;La cuisine des héroïnes;;Major;Lenia;;;Ed. Mic-Mac;DL 2011;1 vol. (46 p.);33 cm;Jeunesse;18,2393586298044;https://static.fnac-static.com/multimedia/FR/Images_Produits/FR/fnac.com/Visual_Principal_340/8/7/4/9782362211478/tsp20120928170746/La-cuisine-des-heroines.jpg;Tu connais Blanche-Neige, Cendrillon ou Dame Tartine. Mais sais-tu que ces héroïnes sont de grandes gourmandes ? Pour devenir, comme elles, belle, rusée et courageuse, prépare vite leurs plats préférés. Installe-toi aux fourneaux pour ravir tous les palais et transformer ta cuisine en conte de fées !
978-2-36231-035-5;Quand on parle du loup;;Harrison;Lisi;;;Castelmore;impr. 2011;1 vol. (308 p.);22 cm;Jeunesse;77,284977538279;https://www.babelio.com/couv/cvt_Monster-High-T3--Quand-on-parle-du-loup_9694.jpeg;La vraie nature des créatures de Radcliffe Way a été dévoilée au grand jour lors d'une diffusion à la télévision ! Frankie et ses amis doivent choisir entre vivre cachés, partir en exil pour retrouver la sécurité de l'anonymat ou se battre pour le respect de leurs droits et de leur différence... Clawdeen a fait son choix, et elle va sortir les griffes, peu importe ce que lui diront ses frères de meutes !
978-2-36242-054-2;Mémoires des failles;;Annocque;Philippe;;;Editions de l'Attente;DL 2015;1 vol. (228 p.);20 cm;Adulte;77,3265382514779;https://images-na.ssl-images-amazon.com/images/I/41MO59kU5pL._SX195_.jpg;Comment dire la singularité au moyen d'un langage commun ? C'est dans cet élan que s'inscrit Mémoires des failles. Il y s'agit de retracer le parcours d'une vie entière (les premières notes concernant ce projet ont plus de trente ans) sans passer ni par l'autobiographie ni par la fiction traditionnelle, en faisant ressurgir les images les plus immédiates sans recourir à une construction vraiment réfléchie. Écrire ce texte n'a jamais cessé d'être une aventure. Ce sont comme des photographies intérieures dont l'auteur est le premier surpris, assis qu'il est coude à coude avec le lecteur. Ces clichés sont rassemblés en albums qui dessinent une vie entière, de l'enfance à la maturité, jusqu'à l'entrée dans l'écriture sans que jamais celui dont le nom est sur la couverture puisse jamais affirmer « J'ai vécu cela ».
978-2-36279-156-7;variante chilienne (La);;Raufast;Pierre;;;Alma éditeur;DL 2015;1 vol. (263 p.);19 cm;Adulte;11,8537712711779;https://www.babelio.com/couv/CVT_La-variante-chilienne_2889.jpeg;Il était une fois un homme qui rangeait ses souvenirs dans des bocaux. Chaque caillou qu’il y dépose correspond à un évènement de sa vie. Deux vacanciers, réfugiés pour l’été au fond d’une vallée, le rencontrent par hasard. Rapidement des liens d’amitiés se tissent au fur et à mesure que Florin puise ses petits cailloux dans les bocaux. À Margaux, l’adolescente éprise de poésie et à Pascal le professeur revenu de tout, il raconte. L’histoire du village noyé de pluie pendant des années, celle du potier qui voulait retrouver la voix de Clovis dans un vase, celle de la piscine transformée en potager ou encore des pieds nickelés qui se servaient d’un cimetière pour trafiquer.
978-2-7021-5637-7;Fils du Shéol;roman;Benmalek;Anouar;;;Calmann-Lévy;DL 2015;1 vol. (408 p.);22 cm;Adulte;72,0119873112557;https://calmann-levy.fr/sites/default/files/styles/couv_livre/public/images/livres/couv/9782702156377-T.jpg?itok=Pi8pjH_T;Trois histoires d’amour pour remonter à l’origine du mal…
978-2-7021-5806-7;Mémoires fauves;roman;Guitton;René;;;Calmann-Lévy;DL 2015;1 vol. (270 p.);22 cm;Adulte;59,3783269608772;https://images-na.ssl-images-amazon.com/images/I/410F9NtgQEL._SX210_.jpg;Une histoire ardente,une plongée dans le secretde pratiques révoltantes.Fauves est une rock-star tout en démesure, à la renommée planétaire.
978-2-7096-3051-1;Presque mort;roman;Edwardson;°Ake;;;Lattès;impr. 2009;1 vol. (474 p.);23 cm;Adulte;50,7953358468022;https://images-na.ssl-images-amazon.com/images/I/51%2BKc7gvxBL._SX210_.jpg;Un gangster, un écrivain, un politicien et un citoyen ordinaire - sans compter le commissaire Winter rongé par le doute et par un mal de tête persistant. L'automne est particulièrement beau mais tous sont rattrapés par un sombre événement. Leurs destins se rejoignent autour de la mystérieuse disparition d'une jeune fille, trente ans auparavant.
978-2-7096-4655-0;Toute ressemblance avec le père;roman;Courtès;Franck;;;Lattès;2014;1 vol. (439 p.);21 x 13 cm;Adulte;23,5731729802348;https://www.babelio.com/couv/CVT_Toute-Ressemblance-avec-le-Pere_1311.jpeg;Au même âge que mon fils, je m'étais hissé au sommet d'une meule un soir, au bord du plateau. Devant moi, la terre brune, les bois sombres, le vent dans mon dos dessinaient les contours du bonheur, les points cardinaux d'une boussole imaginaire. J'étais un cristal de garçon.
978-2-7324-4525-0;Je mesure tout;;Trius;Mireia;;;La Martinière jeunesse;impr. 2011;1 vol. (95 p.);22 cm;Jeunesse;16,9288468965895;https://images-eu.ssl-images-amazon.com/images/I/51X4nGdVxAL._SX218_BO1,204,203,200_QL40_ML2_.jpg;Saviez-vous que 20 mètres était équivalents à un immeuble de 5 étages, à la longueur d'un passage piéton d'une grande avenue, à une baleine bleue ou à quatre girafes l'une au-dessus de l'autre ?
978-2-7324-4821-3;Le rugby raconté aux enfants;;Escot;Richard;;;La Martinière jeunesse;impr. 2011;1 vol. (83 p.);32 cm;Jeunesse;40,1558295080358;;
978-2-7404-2716-3;grandes merveilles du monde (Les);;Yu;Soon-Hye;;;Mango-Jeunesse;2011;1 vol.;32 x 25 cm;Jeunesse;78,3151250937339;;
978-2-7459-4779-6;25 chasses au trésor;des scénarios originaux pour des fêtes inoubliables !;Rocher;Mathieu;;;Milan;DL 2011;1 vol. (90 p.);26 cm;Jeunesse;64,8986165782072;;
978-2-7459-5270-7;Champignons des bois et des prés;;Bustarret;Nicole;;;Milan;DL 2011;1 vol. (39 p.);19 cm;Jeunesse;15,2711868191501;;
978-2-7470-2450-1;kilos en trop (Les);;Sautereau;François;;;Bayard Jeunesse;2008;1 vol. (93 p.);18 x 13 cm;Jeunesse;25,7760452967014;;
978-2-7470-2469-3;Momo;;Ende;Michael;;;Bayard jeunesse;impr. 2009;1 vol. (430 p.);19 cm;Jeunesse;35,0611710256844;;
978-2-7470-3319-0;fièvre de la pleine lune (La);;Stine;R. L.;;;Bayard Jeunesse;2010;1 vol. (137 p.);18 x 13 cm;Jeunesse;16,4260275157294;;
978-2-7470-3320-6;Kidnappés dans l'espace;;Stine;R. L.;;;Bayard Jeunesse;2010;1 vol. (138 p.);18 x 13 cm;Jeunesse;41,0922367318531;;
978-2-7470-3446-3;Terrible internat;;Stine;R. L.;;;Bayard Jeunesse;2010;1 vol. (140 p.);18 x 13 cm;Jeunesse;5,45021248145366;;
978-2-7470-3452-4;film d'horreur (Le);;Stine;R. L.;;;Bayard Jeunesse;2010;1 vol. (138 p.);18 x 13 cm;Jeunesse;55,0474942239238;;
978-2-7470-3455-5;fantôme du miroir (Le);;Stine;R. L.;;;Bayard Jeunesse;2010;1 vol. (114 p.);18 x 13 cm;Jeunesse;62,9054772773582;;
978-2-7470-3686-3;maison des morts (La);;Stine;R. L.;;;Bayard Jeunesse;2011;1 vol. (136 p.);18 x 13 cm;Jeunesse;72,9234541829014;;
978-2-7470-3687-0;colère de la momie (La);;Stine;R. L.;;;Bayard Jeunesse;2011;1 vol. (140 p.);18 x 13 cm;Jeunesse;13,7413281762617;;
978-2-7470-3688-7;bête de la cave (La);;Stine;R. L.;;;Bayard Jeunesse;2011;1 vol. (137 p.);18 x 13 cm;Jeunesse;36,3410594069015;https://images.noosfere.org/couv/b/bayardp-cp046-1999.jpg;Depuis son match de base-ball où il a reçu un mauvais coup sur la tête, Marc est perturbé : un être mystérieux hante sa cave et vient le harceler jour et nuit. Cet étranger existe-t-il vraiment, ou est-il tout simplement le fruit de son imagination ? Marc ne sait plus où s'arrête la réalité et commence le rêve... C'est un vrai cauchemar .
978-2-7470-3689-4;peau du loup-garou (La);;Stine;R. L.;;;Bayard Jeunesse;2011;1 vol. (139 p.);18 x 13 cm;Jeunesse;65,8780640277668;https://static.wikia.nocookie.net/villains-fr/images/b/b1/F0VTQDWG0IPMFBT.LARGE.jpg/revision/latest/scale-to-width-down/310?cb=20210329175043&path-prefix=fr;Alex, invité quelques jours chez son oncle et sa tante, aperçoit la nuit des ombres mystérieuses dans le jardin. Curieux, il essaie, à ses risques et périls, de percer ce mystère.
978-2-7470-3691-7;Cauchemars en série;;Stine;R. L.;;;Bayard Jeunesse;2011;1 vol. (140 p.);18 x 13 cm;Jeunesse;79,7690459177475;https://images-na.ssl-images-amazon.com/images/I/515uyvbJkyL._SX210_.jpg;"Le père de Jake est un petit farceur ! Réalisateur de la série télévisée ""L'école de la peur"", il ne recule devant rien pour effrayer son fils. Jake est à bout de nerfs. Et puis, un jour, il accompagne son père en tournage dans un collège, dont la rumeur prétend qu'il est hanté..."
978-2-7470-3692-4;Mort de peur;;Stine;R. L.;;;Bayard Jeunesse;2011;1 vol. (141 p.);18 x 13 cm;Jeunesse;45,9441684072919;;
978-2-7470-3898-0;Jeux de monstres;;Stine;R. L.;;;Bayard Jeunesse;2011;1 vol. (142 p.);18 x 13 cm;Jeunesse;44,5639205823495;;
978-2-7470-3899-7;vacances de l'angoisse (Les);;Stine;R. L.;;;Bayard Jeunesse;2011;1 vol. (110 p.);18 x 13 cm;Jeunesse;17,7927644274668;;
978-2-7499-2403-8;Mirages;;Robillard;Anne;;;M. Lafon;DL 2015;1 vol. (315 p.);24 cm;Adulte;36,207445344124;;
978-2-8063-0074-4;Je crée avec 3 x rien !;;Bull;Jane;;;Langue au chat;cop. 2011;1 vol. (62 p.);29 cm;Jeunesse;30,7508820131181;;
978-2-8097-0137-1;Les nouvelles aventures de l'école des chats;tomes 1, 2, 3;Kim;Jin-Kyeong;;;P. Picquier;DL 2009;1 vol. (425 p.);17 cm;Jeunesse;46,6975424235668;https://static.fnac-static.com/multimedia/Images/FR/NR/13/34/29/2700307/1507-1/tsp20200618070235/NOUVELLES-AVENTURES-DE-L-ECOLE-DES-CHATS-integrale.jpg;
978-2-8098-0563-5;L'eau des anges;roman;Egémar;Béatrice;;;Galapagos;impr. 2011;1 vol. (186 p.);21 cm;Jeunesse;61,2475787534116;https://images-na.ssl-images-amazon.com/images/I/71N5+wAQY9L.jpg;
978-2-8098-0564-2;Avant les ténèbres;;Cluzeau;Nicolas;;;Galapagos;impr. 2011;1 vol. (293 p.);21 cm;Jeunesse;25,2972812324238;https://www.cdiscount.com/pdt2/6/4/2/1/550x550/9782809805642/rw/chroniques-de-la-mort-blanche-t-1-avant-les-t.jpg;
978-2-8180-3693-8;Petite vie;roman;Varetz;Patrick;;;POL;DL 2015;1 vol. (179 p.);21 cm;Adulte;36,9283559589653;https://ec56229aec51f1baff1d-185c3068e22352c56024573e929788ff.ssl.cf1.rackcdn.com/attachments/large/7/5/4/003436754.jpg;
978-2-8180-3737-9;Comme Ulysse;;Charles;Lise;;;POL;DL 2015;1 vol. (398 p.);21 cm;Adulte;29,3963501143518;https://products-images.di-static.com/image/lise-charles-comme-ulysse/9782818037379-475x500-1.webp;
978-2-8236-0199-2;Ce coeur changeant;;Desarthe;Agnès;;;Editions de l'Olivier;DL 2015;1 vol. (336 p.);21 cm;Adulte;59,6466966715162;https://static.fnac-static.com/multimedia/Images/FR/NR/75/94/6c/7115893/1540-1/tsp20220305085521/Ce-coeur-changeant.jpg;
978-2-84219-534-2;Un chato en Espagne;;Bard;Patrick;;;Editions Baleine;impr. 2015;1 vol. (159 p.);18 cm;Adulte;58,9435264929422;https://www.babelio.com/couv/bm_CVT_Un-chato-en-Espagne_5321.jpg;
978-2-84219-535-9;Il était tout froid dans l'Est;;Bourcy;Thierry;;;Editions Baleine;impr. 2015;1 vol. (167 p.);18 cm;Adulte;40,8237915685027;https://images-na.ssl-images-amazon.com/images/I/515CZNc-AyL._SX195_.jpg;
978-2-84626-994-0;Des poupées et des anges;;Hamdi;Nora;;;Au diable Vauvert;impr. 2015;1 vol. (196 p.);20 cm;Adulte;48,4171865148239;https://products-images.di-static.com/image/nora-hamdi-des-poupees-et-des-anges/9782846269940-475x500-1.webp;
978-2-84682-267-1;Le choeur des femmes;roman;Winckler;Martin;;;POL;impr. 2009;1 vol. (602 p.);23 cm;Adulte;63,4594818848383;https://fr.shopping.rakuten.com/photo/le-choeur-des-femmes-le-ch-ur-des-femmes-format-broche-1925112887_L.jpg;
978-2-84720-608-1;portefeuille rouge (Le);roman;Delaflotte Mehdevi;Anne;;;Gaïa éditions;DL 2015;1 vol. (281 p.);22 cm;Adulte;30,0932252050892;https://www.sedagyl.com/media/catalog/product/cache/e4d64343b1bc593f1c5348fe05efa4a6/l/e/le-portefeuille-rouge-mp23229-293851126083.jpg;
978-2-84801-431-9;voyage (Le);;Fontanel;Béatrice;Zuber;Eléonore;Tourbillon;2009;;21 x 29 cm;Jeunesse;21,389906014696;https://static.fnac-static.com/multimedia/FR/Images_Produits/FR/fnac.com/Visual_Principal_340/9/1/3/9782848014319/tsp20120921091001/Le-voyage.jpg;
978-2-84876-098-8;Maman, pourquoi tu manges pas ?;mon combat contre l'anorexie;Dupont;Marie;;;P. Rey;impr. 2007;1 vol. (236 p.);22 cm;Adulte;42,2560097361966;http://www.philippe-rey.fr/images/livre_moyen_13.jpg;
978-2-84876-468-9;Camille, mon envolée;roman;Daull;Sophie;;;Philippe Rey;DL 2015;1 vol. (185 p.);22 cm;Adulte;75,4981899683941;https://images2.medimops.eu/product/789c3e/M02253068748-large.jpg;
978-2-85181-747-1;Guitou;;Melquiot;Fabrice;;;l'Arche;impr. 2011;1 vol. (89 p.);21 cm;Jeunesse;65,4504670077337;https://static.fnac-static.com/multimedia/Images/FR/NR/18/19/33/3348760/1507-1/tsp20201002070706/Guitou.jpg;
978-2-88250-384-8;Quand le diable sortit de la salle de bain;roman improvisé, interruptif et pas sérieux;Divry;Sophie;;;Noir sur blanc;DL 2015;1 vol. (306 p.);20 cm;Adulte;6,08938336930196;https://www.jailu.com/media/cache/couverture_medium/flammarion_img/Couvertures/9782290129463.jpg;
978-2-909771-59-5;changelin (Le);l'enfant des trolls;Lindhom;Per August;Nyblom;Helena;Corentin;2013;1 vol. (39 p.);21 x 20 cm;Jeunesse;54,7020222732436;https://images-na.ssl-images-amazon.com/images/I/61yqhFkDY4L._SX486_BO1,204,203,200_.jpg;
978-2-914528-90-0;Etre vétérinaire;;Fritsch;Philippe;;;Lieux dits éd.;DL 2011;1 vol. (93 p.);21 cm;Jeunesse;12,3736623693533;https://static.fnac-static.com/multimedia/FR/images_produits/FR/Fnac.com/ZoomPE/0/0/9/9782914528900/tsp20130831175637/Etre-veterinaire.jpg;
978-2-915732-39-9;Les recettes du Petit Nicolas;;Beaupré;Christine de;Valentin;Béatrice;IMAV éd.;impr. 2011;1 vol. (125 p.);21 cm;Jeunesse;32,6953758043208;https://media.cultura.com/media/catalog/product/cache/1/image/1000x1000/9df78eab33525d08d6e5fb8d27136e95/l/e/s/les-recettes-du-petit-nicolas-9782915732399_0.jpg?t=1630635777;
978-2-915970-22-7;Enfin seule;;Causse;Manu;Armagnac;Juliette;Où sont les enfants ?;2009;24 p.;23 x 23 cm;Jeunesse;31,4044753479665;https://products-images.di-static.com/image/manu-causse-enfin-seule/9782915970227-475x500-1.webp;
978-2-916170-71-8;petits points (Les);;Claudet;Philippe;;;les Doigts qui rêvent;2010;1 vol. (16 p.);22 x 21 cm;Jeunesse;23,5568115796128;https://images-na.ssl-images-amazon.com/images/I/51wiO+lo-AL._SY492_BO1,204,203,200_.jpg;
978-2-916878-37-9;Le régime mastication;le programme minceur qui vous libère des calories et vous rassasie plus vite;Cocaul;Arnaud;;;T. Souccar;DL 2009;1 vol. (223 p.);21 cm;Adulte;13,8331822476498;https://servimg.eyrolles.com/static/media/8379/9782916878379_internet_h1400.jpg;
978-2-919372-02-7;Catherine Kousmine;une détective dans nos assiettes;Aymeries;Jacqueline;;;Ed. A dos d'âne;impr. 2011;1 vol. (45 p.);15 cm;Jeunesse;50,7757202882515;https://editions-jouvence.com/wp-content/uploads/2021/01/K1707-324x534.jpg;
978-2-919372-04-1;Georges Méliès, le magicien du cinéma;;Bianu;Zéno;;;Ed. A dos d'âne;impr. 2011;1 vol. (45 p.);15 cm;Jeunesse;11,0694817704286;https://www.boutiquesdemusees.fr/uploads/photos/23437/55351_xl.jpg;
978-2-930607-14-6;Tête-Dure;roman;Pittau;Francesco;;;Editions les Carnets du dessert de lune;DL 2015;1 vol. (94 p.);20 cm;Adulte;42,5319218548851;https://static.fnac-static.com/multimedia/Images/FR/NR/8e/5f/65/6643598/1507-1/tsp20150315100454/Tete-Dure.jpg;
978-2-9524074-6-5;chroniques d'Ouranos (Les);roman;Bréger;Véronique;;;Adventice;2009;243 p.;20 cm;Adulte;58,3039943840951;http://www.ktmeditions.com/153/les-chroniques-d-ouranos.jpg;
978-90-317-3213-5;Cuisine avec Nelly & César;16 recettes pour les enfants;Godon;Ingrid;Soors;Nele;Averbode;2011;1 vol. (36 p.);28 x 24 cm;Jeunesse;48,1453847833517;https://static.fnac-static.com/multimedia/Images/FR/NR/3d/f4/33/3404861/1507-1/tsp20130514173145/Cuisine-avec-Nelly-et-Cesar.jpg;
